NOME_FANTASIA,MUNICIPIO,RUA,BAIRRO,Latitude,Longitude
WRL ASSESSORIA E REABILITACAO,Rio de Janeiro,RUA SILVIA POZZANA,RECREIO DOS SANDEIRA,-22.903,-43.208
MARCELA IGNACCHITI LACERDA AVILA,Rio de Janeiro,RUA VISCONDE DE PIRAJA,IPANEMA,-22.91010025,-43.17800724
CRESCERE,Rio de Janeiro,EST DE JACAREPAGUA,JACAREPAGUA,-22.9452745,-43.3424518
CLINICA DE NEUROREABILITACAO INFANTIL FOLLOW KIDS,Duque de Caxias,ROD WASHINGTON LUIZ,PARQUE DUQUE,-22.786,-43.312
ASSOCIACAO FLUMINENSE DE REABILITACAO AFR,Niterói,RUA GENERAL OSORIO,SAO DOMINGOS,-22.90073,-43.13063
ELIOMAR DE CERQUEIRA JAYME,Rio de Janeiro,AVN NILO PECANHA,CENTRO,-22.9054985,-43.176852
HOSPITAL DO CANCER E DO CORACAO HCCOR,São Gonçalo,ESTRADA DE PACHECO,LAGOINHA,-22.8230575,-42.9805507
ESPACO A REABILITACAO NEUROFUNCIONAL,Rio de Janeiro,AVENIDA BRUXELAS,BONSUCESSO,-22.3876652,-43.5227875
CLINICA MUNICIPAL DE REABILITACAO DE SAO GONCALO,São Gonçalo,RUA GENERAL ANTONIO RODRIGUES,CENTRO,-22.8226556,-43.0411385
RECRIANDO REABILITACAO MULTIDISCIPLINAR,Rio de Janeiro,AVENIDA BELMIRO VALVERDE,CAMPO GRANDE,-22.9125763,-43.5505577
WALKIRIA CERILIO GOMES,Rio de Janeiro,AVENIDA EDGARD ROMERO,MADUREIRA,-22.8752633,-43.3380511
ANA PAULA DUARTE CERQUERIA DIAS BORNELLI,Niterói,RUA MIGUEL DE FRIAS,ICARAI,-22.9000713,-43.1122355
PEDIATRIA RENASCER,Rio de Janeiro,AYRTON SENNA,BARRA DA TIJUCA,-22.9941110167,-43.365483284
SMS CAPSI GUTTMANN BICHO AP 31,Rio de Janeiro,AV PARANAPUA,FREGUESIA,-22.7883142,-43.1837435
CENTRO DE REABILITACAO MARCUS DO NASCIMENTO,Rio de Janeiro,RUA ALMTE TAMANDARE,FLAMENGO,-22.8766447289,-43.2279664278
VALERIA LACERDA DE ALMEIDA OKIDA,Rio de Janeiro,AVN JOAO CABRAL DE MELLO NETO,BARRA DA TIJUCA,-22.9169706,-43.3627877
CRESCER BEM SERVICOS DE PEDIATRIA,Rio de Janeiro,RUA SANTA CLARA,COPACABANA,-22.903,-43.208
PRA CRESCER SAUDAVEL,Rio de Janeiro,AV OLEGARIO MACIEL,BARRA DA TIJUCA,-23.011,-43.011
RENATO LACERDA WERNECK,Rio de Janeiro,RUA FIGUEIREDO DE MAGALHAES,COPACABANA,-22.96942,-43.18638
CLINICA DE REABILITACAO OTTOBOCK RIO DE JANEIRO,Rio de Janeiro,RUA SAO CLEMENTE,BOTAFOGO,-22.9497248,-43.1919561
ASETH CENTRO DE TERAPIAS E REABILITACAO,Rio de Janeiro,RUA AIRES DE SALDANHA,COPACABANA,-22.9782264001,-43.1897985935
ALEXANDRE CERQUEIRA DA SILVA,Rio de Janeiro,RUA SOARES CALDEIRA,MADUREIRA,-22.8706639,-43.3421027
CENTRO DE REABILITACAO INOVA FISIO LTDA,Nova Iguaçu,SEBASTIAO HERCULANO DE MATOS,CENTRO,-22.76161,-43.45261
INSTITUTO DE IMPLANTODONTIA E REABILITACAO ORAL DO MEIER,Rio de Janeiro,RUA MEDINA,MEIER,-22.9001738086,-43.2813477516
CIRD CENTRO INTEGRADO DE REABILITACAO E CLINICA ESPECIALIZ,Rio de Janeiro,AV DAS AMERICAS,BARRA DA TIJUCA,-23.0003828197,-43.3307323
AMA REABILITACAO FISICA,Rio de Janeiro,RUA IVO DO PRADO,CAMPO GRANDE,-22.9028824,-43.5645706
INTEGRA NUCLEO DE REABILITACAO MULTIDISCIPLINAR,Rio de Janeiro,AV JAMBEIRO,VILA VALQUEIRE,-22.87657059,-43.22744607
REABILITACAO MAXILO FACIAL,Rio de Janeiro,EST DO GALEAO,JARDIM CARIOCA,-22.903,-43.208
SERGIO LACERDA DE ANDRADE,Rio de Janeiro,ETR DO PORTELA,MADUREIRA,-22.87215,-43.3391225
INSTITUTO PILON DE REABILITACAO INTEGRATIVA,Rio de Janeiro,REAL GRANDEZA,BOTAFOGO,-22.956468,-43.192121
CLINICA CERES,Rio de Janeiro,AVENIDA DE SANTA CRUZ,REALENGO,-22.877802,-43.441394
BEM ESTAR REABILITACAO,Rio de Janeiro,AVN MAL CAMARA,CENTRO,-22.903,-43.208
CURA CENTRO DE REABILITACAO,Rio de Janeiro,AV DAS AMERICAS,BARRA DA TIJUCA,-23.0055473762,-43.4378814697
FISIOFIX SAUDE E REABILITACAO LTDA,Rio de Janeiro,R ANITA GARIBALDI,COPACABANA,-22.5150261368,-43.1643861477
FLEXIVEL REABILITACAO,Duque de Caxias,ESTRADA XEREM,PARQUE XEREM,-22.5817375,-43.3084689
ESPACO CRESCER SAUDE E DESENVOLVIMENTO,Niterói,R QUINZE DE NOVEMBRO,CENTRO,-22.8966,-43.12388
CLINICA DE DOENCAS DO TORAX E REABILITACAO SAO RAFAEL,Rio de Janeiro,RUA JARDIM BOTANICO,JARDIM BOTANICO,-22.096437,-43.021845
SERUM HEMATOLOGIA E HEMOTERAPIA LTDA AT H DO CANCER,Rio de Janeiro,RUA DO BISPO,RIO COMPRIDO,-22.92466,-43.2102498
THAYSA FERNANDES LACERDA ROCHA COSTA,Rio de Janeiro,AVENIDA DAS AMERICAS,BARRA DA TIJUCA,-23.0042904188,-43.3190525318
REAFISI REABILITACAO E FISIOTERAPIA,Rio de Janeiro,RUA HENRIQUE FERREIRA,BENTO RIBEIRO,-23.0009824,-43.3827357
ELLEN LACERDA DE FREITAS MENDES DA SILVA,Rio de Janeiro,RUA CONDE DE BONFIM,TIJUCA,-22.92423,-43.228885
JBREABILITACAO,Rio de Janeiro,RUA SAO NAUM,SEPETIBA,-22.9850417294,-43.6919376254
PATRICIA CERQUEIRA DE OLIVEIRA,Rio de Janeiro,RUA PROFESSOR CASTILHO,CAMPO GRANDE,-22.911,-43.566
STEPHANIE LYS FERREIRA LACERDA,Rio de Janeiro,RUA SIQUEIRA CAMPOS,COPACABANA,-22.969016,-43.184528
LUIZ CERQUEIRA DA COSTA,Rio de Janeiro,RUA MEDINA,MEIER,-22.9,-43.1667
ANA CLAUDIA GARCIA CERQUEIRA,Rio de Janeiro,AVENIDA DAS AMERICAS,BARRA DA TIJUCA,-23.0008070339,-43.3613848686
PAULA GUEDES LACERDA,Rio de Janeiro,RUA GILDASIO AMADO,BARRA DA TIJUCA,-23.0032823,-43.3262717047
MARCIA MARTINS LACERDA,Rio de Janeiro,RUA CONDE DE BONFIM,TIJUCA,-22.92435375,-43.2324019719
ALBA MARIA CERBINO DE SOUZA,Niterói,QUINZE DE NOVEMBRO,CENTRO,-22.4917844,-44.0815955
SYLVIO JOSE CERQUEIRA FILHO,Rio de Janeiro,RUA VIUVA DANTAS,CAMPO GRANDE,-22.9025702,-43.5537558
LIVIA NEVES CERQUEIRA,Rio de Janeiro,RUA VIUVA DANTAS,CAMPO GRANDE,-22.9025702,-43.5537558
ACERTE O PASSO,São João de Meriti,RUA ALBERTO BATISTA DE MORAES,CENTRO,-22.8023861,-43.3642958
MARIA MARLENE LACERDA BALBI,Rio de Janeiro,RUA DESEMBARGADOR IZIDRO,TIJUCA,-22.9311233,-43.2343662
CERQUEIRA CAMPOS MEDICOS,Rio de Janeiro,AV JORGE CURI,BARRA DA TIJUCA,-22.99244705,-43.3700673689
ANA BEATRIZ CERQUEIRA MENDES,Rio de Janeiro,AV N S COPACABANA,COPACABANA,-22.96767,-43.18213
PONTO DE EQUILIBRIO REABILITACAO SAUDE ESTETICA,Niterói,ESTRADA FRANCISCO DA CRUZ NUNES 2657,ITAIPU,-22.964511,-43.0331072
CRISTIANE LUZIA BRANDAO LACERDA,Rio de Janeiro,RUA VOLUNTARIO DA PATRIA,BOTAFOGO,-22.95155,-43.18374
CENTRO DE ESTUDOS DE REABILITACAO E PEDAGOGIA LTDA,Nova Iguaçu,RUA JOAO MARTINS 439,K 11,-22.767813,-43.4387476
JOSE CERDEIRO NETO,Rio de Janeiro,AVENIDA RIO BRANCO,CENTRO,-22.9046239,-43.1780795
MARIA MARLENE LACERDA BALBI,Rio de Janeiro,AVENIDA NOSSA SENHORA DE COPACABANA,COPACABANA,-22.9839513,-43.1906019
MARCELLE DE CERQUEIRA CAMPOS GUIMARAES FIGUEIREDO,Rio de Janeiro,AVENIDA MERITI,VILA KOSMOS,-22.8489243,-43.3102717
MARCIA MARTINS LACERDA,Rio de Janeiro,RUA HILARIO DE GOUVEIA,COPACABANA,-22.9682469,-43.183887
CAMILA JATOBA AMORIM LACERDA,Rio de Janeiro,RUA PADRE ELIAS GORAYEB,TIJUCA,-22.9259535,-43.2340069
STELLA MONTE FALCAO DE LACERDA,Rio de Janeiro,RUA BARATA RIBEIRO,COPACABANA,-22.97468,-43.1957
ISABEL BARBEITO LACERDA,Rio de Janeiro,AVENIDA NOSSA SENHORA DE COPACABANA,COPACABANA,-22.9725392879,-43.1883716583
LETICIA DE SOUZA LACERDA ARAUJO,Rio de Janeiro,AVENIDA VICE PRESIDENTE JOSE ALENCAR,BARRA OLIMPICA,-22.9668696369,-43.3863562712
MS INCA II HOSPITAL DO CANCER II,Rio de Janeiro,RUA DO EQUADOR,SANTO CRISTO,-22.8991064151,-43.2060527802
CLINICA DE FISIOTERAPIA RENASCER,Rio de Janeiro,AV BRAS DE PINA,VISTA ALEGRE,-22.8339,-43.31883
ASSOCIACAO FLUMINENSE DE REABILITACAO AFR,Niterói,RUA LOPES TROVAO,ICARAI,-22.9028436,-43.1118466
MS INCA HOSPITAL DO CANCER I,Rio de Janeiro,PRACA CRUZ VERMELHA,CENTRO,-22.9121815,-43.1880098
MS INCA HOSPITAL DO CANCER III,Rio de Janeiro,RUA VISCONDE DE SANTA ISABEL,VILA ISABEL,-22.9169815,-43.2565462
SMS CAPS AD II HELENO DE FREITAS AP 21,Rio de Janeiro,DONA MARIANA,BOTAFOGO,-22.9545002,-43.1879307
CAPS CENTRO DE ATENPSICOSSOCIAL DRLESLIE SCHAVIN,Duque de Caxias,RUA MARECHAL DEODORO,25 DE AGOSTO,-22.7932731976,-43.304140027
CENTRO DE ATENCAO PSICOSSOCIAL CAPS III VILA JURANDYR,São João de Meriti,RUA CACILDA,AGOSTINHO PORTO,-22.778855,-43.3894788
CAPS III JAYR NOGUEIRA,Nova Iguaçu,RUA FLORESTA MIRANDA,CENTRO,-22.7624665,-43.4481148
CLINICA DA FAMILIA DA CERAMICA 2,Nova Iguaçu,ESTRADA DE SANTANA,CERAMICA,-22.7312115,-43.4923396
CLINICA DA FAMILIA JACERUBA,Nova Iguaçu,RUA JAPERI,JACERUBA,-22.7177284,-43.5589901
CAPS ADULTO BELFORD ROXO,Belford Roxo,EXPEDICIONARIO ELIAQUIM BATISTA,PRATA,-22.7546784,-43.4092385
CAPS HERBERT DE SOUZA,Niterói,R CLOTILDE DE OLIVEIRA RODRIGUES,FONSECA,-22.881667,-43.105833
CENTRO INTERNAC NEURORREABILITACAO E NEUROCIENCIA SARAH RIO,Rio de Janeiro,AVENIDA EMBAIXADOR ABELARDO BUENO,BARRA DA TIJUCA,-22.9711024,-43.3778478
CENTRO ESPECIALIZADO EM REABILITACAO CER III,São Gonçalo,RUA JOSE AUGUSTO PEREIRA DOS SANTOS,NEVES,-22.8532584,-43.0988402
CAPS II MARTHA E DR JACINTO,Niterói,TRAVESSA NOSSA SRA DE FATIMA,LARGO DA BATALHA,-22.9088429991,-43.0662698473
CAPS II PAULO MARCOS COSTA,São Gonçalo,RUA LADISLAU DE ANDRADE,MUTONDO,-22.856952,-43.658847
UFRJ INST PSIQ CAPSI IPUB CARIM,Rio de Janeiro,AVENIDA VENCESLAU BRAS,BOTAFOGO,-22.9537970412,-43.1754782796
SMS CAPS PEDRO PELLEGRINO AP 52,Rio de Janeiro,PRACA MAJOR VIEIRA DE MELO,CAMPO GRANDE,-22.91846,-43.55836
SMS CAPS SIMAO BACAMARTE AP 53,Rio de Janeiro,R SENADOR CAMARA,SANTA CRUZ,-22.913985,-43.6888634
SMS CAPSI PEQUENO HANS AP 51,Rio de Janeiro,AVENIDA CARLOS PONTES,JARDIM SULACAP,-22.886558,-43.399266
CENTRO INTEGRADO DE REABILITACAO CRESCER LTDA,São João de Meriti,AV DR ARRUDA NEGREIROS,CENTRO,-22.8042132499,-43.3723926544
NASCER COM AMOR CLINICA MEDICA,Rio de Janeiro,R JARDIM BOTANICO,JARDIM BOTANICO,-22.96317011,-43.2170065
GRUPO POPULAR INTEGRADO EM REABILITACAO GPIR,Rio de Janeiro,ESTRADA DA AGUA BRANCA,PADRE MIGUEL,-22.86643,-43.44638
CRESCER CLINICA E CONSULTORIA,Nova Iguaçu,TRAVESSA QUARESMA,CENTRO,-22.7582711561,-43.4506647318
ESPACO ZEN REABILITACAO E SAUDE,Rio de Janeiro,TEIXEIRA ARAGAO,CAMPO GRANDE,-22.908971,-43.567261
ALBERNAZ ODONTOLOGIA ESTETICA E REABILITACAO ORAL,Niterói,R GENERAL ANDRADE NEVES,CENTRO,-22.8995093,-43.1261599
SMS CAPS III LIMA BARRETO AP 51,Rio de Janeiro,AVENIDA RIBEIRO DANTAS,BANGU,-22.870892,-43.457344
CLINICA CERTUN,São Gonçalo,RUA DR NILO PECANHA,NOVA CIDADE,-22.827,-43.054
CANCERCARE,Niterói,AV ERNANI DO AMARAL PEIXOTO,CENTRO,-22.8934625,-43.1237852
INSTITUTO DE REABILITACAO DA COLUNA E FISIOTERAPIA UNIFISIO,São Gonçalo,RUA MONTEIRO LOBATO,ESTRELA DO NORTE,-22.8191645,-43.0374354
CEFIR FISIOTERAPIA E REABILITACAO,Rio de Janeiro,AVENIDA ENGENHEIRO ASSIS RIBEIRO,MARECHAL HERMES,-22.8626877,-43.3679478
CENTRO AVANCADO CERATOCONE,Rio de Janeiro,AV DAS AMERICAS,BARRA DA TIJUCA,-22.998545,-43.349502
SARE SAUDE E REABILITACAO,Niterói,SAO PEDRO,CENTRO,-22.8917,-43.1196
NASCER E VIVER SERVICOS MEDICOS,Nova Iguaçu,RUA DR THIBAU,CENTRO,-22.7596009171,-43.4543214203
CAPS AD III ALCENIR VERAS,Niterói,RUA DR FROES DA CRUZ,CENTRO,-22.886389,-43.124167
CAPS ALCOOL E DROGAS ZAIRA VICENTE BICCHIERI,Belford Roxo,RUA LUCIA,CENTRO,-22.7641238,-43.4017989
CAPS INFANTO JUVENIL DE BELFORD ROXO,Belford Roxo,RUA JOAO FERNADES NETTO,CENTRO,-22.76375,-43.39906
CERQUEIRA JUNIOR SERVICOS MEDICO,Nova Iguaçu,AVENIDA MARECHAL FLORIANO PEIXOTO,CENTRO,-22.7592604231,-43.4519086899
CENTRO DE AT PSICOSINFANTO JUVENIL DE DCAXIAS CAPSIJ DC,Duque de Caxias,RUA GENERAL GURJAO,CENTRO,-22.7936112132,-43.3061389032
SMS CAPS III RUBENS CORREA AP 33,Rio de Janeiro,RUA CAPITAO ALIATAR MARTINS,IRAJA,-22.83944,-43.31964
METAMORFOSE REABILITACAO,Rio de Janeiro,RUA DIAS DA CRUZ,ENGENHO DE DENTRO,-22.903,-43.282
CLINICA DE FISIOTERAPIA E REABILITACAO VITORIA,São Gonçalo,RUA JAIME FIGUEIREDO,CAMARAO,-22.8321454,-43.0765299
FISIO VITAE REABILITACAO LOCOMOTORA LTDA,Niterói,RUA DOMINGUES DE SA,ICARAI,-22.9018743,-43.1031045
SMS CAPS ERNESTO NAZARETH AP 31,Rio de Janeiro,ESTRADA DO CACUIA,COCOTA,-22.48391,-43.11021
SMS CAPSI III ELIZA SANTA ROZA AP 40,Rio de Janeiro,RUA SAMPAIO CORREA,JACAREPAGUA TAQUARA,-22.936209,-43.387629
SMS CAPS PROFETA GENTILEZA AP 52,Rio de Janeiro,ESTRADA DE INHOAIBA,INHOAIBA,-22.907086,-43.597505
JANE CERQUEIRA,Nova Iguaçu,RUA OTAVIO TARQUINIO,CENTRO,-22.7590902294,-43.4509941627
CAPSI MONTEIRO LOBATO,Niterói,RUA ALMIRANTE ARY PARREIRAS,SANTA ROSA,-22.90436982,-43.09617793
LEONARDO DE GOUVEA CERQUEIRA,Niterói,RUA LUIZ LEOPOLDO FERNANDES PINHEIRO,CENTRO,-22.8932397,-43.1196011
BBL SERVICOS EM REABILITACAO,Rio de Janeiro,RUA DOMINGOS LOPES,MADUREIRA,-22.8762233648,-43.3395168171
MOVE REABILITACAO INTELIGENTE,Rio de Janeiro,R DAS LARANJEIRAS,LARANJEIRAS,-22.912863288,-43.2971191406
DROGARIAS CERTA COMENDADOR SOARES,Nova Iguaçu,RUA TOMAS FONSECA,COMENDADOR SOARES,-22.743592709,-43.487298961
DROGARIAS CERTA MARIO GUIMARAES,Nova Iguaçu,AV DOUTOR MARIO GUIMARAES,CENTRO,-22.7586807352,-43.4570421764
DROGARIAS CERTA NILO PECANHA,Nova Iguaçu,AV NILO PECANHA,CENTRO,-22.7582128633,-43.448455861
ESPACO FLORESCER BANGU,Rio de Janeiro,RUA SILVA CARDOSO,BANGU,-22.87678,-43.46409
SANDRO DE ALBUQUERQUE CERBINO TIJUCA,Rio de Janeiro,RUA HADDOCK LOBO,TIJUCA,-22.9738612,-43.3654983
EDUARDO DE BARROS FALCAO DE LACERDA BALIEIRO DE CARVALHO,Rio de Janeiro,ESTRADA DE JACAREPAGUA,FREGUESIA,-22.9423351378,-43.3415591577
A CERQUEIRA CONSULTORIA MEDICA,Rio de Janeiro,ESTRADA DO PAU FERRO,PECHINCHA,-22.821949,-42.9158954
MH CLINIC CLINICA DE REABILITACAO INFANTO JUVENIL LTDA,Rio de Janeiro,R TIROL,FREGUESIA JACAREPAG,-22.9392037896,-43.3352763883
NUCLEO DE REABILITACAO NEUROLOGICO E FISIATRICO,Rio de Janeiro,R VOLUNTARIOS DA PATRIA,BOTAFOGO,-22.9526139871,-43.1882750988
ESPACO MULTIDISCIPLINAR EM NEUROREABILITACAO EQUILIBRIO EM A,Rio de Janeiro,AVENIDA CESARIO DE MELO,CAMPO GRANDE,-22.90547,-43.56396
ROTA FISIO REABILITACAO ORTOP TRAUMATO E ACUPUNTURA,Rio de Janeiro,RUA DONA CLARA,MADUREIRA,-22.7242866,-43.395504
CENTRO INTEGRADO DE REABILITACAO DA FACE,Rio de Janeiro,AV EVANDRO LINS E SILVA,BARRA DA TIJUCA,-23.0030374,-43.3254314
SERGIO AUGUSTO DE LACERDA FRANCO,Rio de Janeiro,AVENIDA NOSSA SENHA DE COPACABANA,COPACABANA,-22.903,-43.208
CIENTIFICALAB CER CENTRO,Rio de Janeiro,RUA FREI CANECA,CENTRO,-22.908,-43.19
ESPACO CRESCER CENTRO DE TERAPIA INTEGRADO,Rio de Janeiro,AV DAS AMERICAS,RECREIO DOS BANDEIRA,-22.9676990039,-43.6173534393
FLORESCER TERAPIAS,Duque de Caxias,RUA AILTON DA COSTA,JARDIM VINTE E CINCO,-22.7889399328,-43.3073924002
CLINICA CERTA SAUDE,Rio de Janeiro,AV NOSSA SENHORA DE COPACABANA,COPACABANA,-22.9694153,-43.1847426
TL FRANCA REABILITACAO ORAL,Rio de Janeiro,EST AGUA BRANCA,BANGU,-22.8639939479,-43.4669571465
CENTRO DE REABILITACAO OROFACIAL,Rio de Janeiro,AVN EMBAIX ABELARDO BUENO,JACAREPAGUA,-22.903,-43.208
JOSE RIBAMAR DE ALMEIDA CERQUEIRA FILHO,Rio de Janeiro,AV NOSSA SENHORA DE COPACABANA,COPACABANA,-22.97632,-43.19063
CLINICA DE REABILITACAO ORAL CG,Rio de Janeiro,RUA ALMTE TAMANDARE,FLAMENGO,-22.93101,-43.18001
MD TERAPIAS REABILITACAO LTDA,Niterói,R GAVIAO PEIXOTO,ICARAI,-22.9037994,-43.1114769
CIENTIFICALAB UNIDADE CER LEBLON,Rio de Janeiro,RUA MARIO RIBEIRO,LEBLON,-22.9777155477,-43.2244106019
AZEVEDO CERQUEIRA SERVICOS MEDICOS,Rio de Janeiro,RUA PIO CORREIA,JARDIM BOTANICO,-22.9589642,-43.2058629
FLORESCER CLINICA DE DESENVOLVIMENTO INFANTIL,Duque de Caxias,AV NOSSA SENHORA DAS GRACAS,VILA NOSSA SENHORA D,-22.5982997899,-43.2905127288
ODONTOLOGIA INTEGRADA LACERDA,Duque de Caxias,AV AUTOMOVEL CLUBE,VILA SANTA CRUZ,-22.6429175019,-43.2806289196
DR RENAN CHIERICI REABILITACAO ORAL,Nova Iguaçu,RUA CORONEL BERNADINO DE MELO,CENTRO,-22.7599716913,-43.4524856187
ESPACO CRESCER SERVICE,Niterói,R DOUTOR ARTUR TIBAU,INGA,-22.9004900718,-43.1247067451
FLORESCER SERVICOS DE FISIOTERAPIA,Rio de Janeiro,RUA BARAO DE MESQUITA,GRAJAU,-22.9238464,-43.2362281
H2O SAUDE E NEUROREABILITACAO,Rio de Janeiro,R PROFESSOR GONCALVES,CAMPO GRANDE,-22.9100083,-43.5654858
DR ALEXANDRE CERQUEIRA DA SILVA,Rio de Janeiro,ESTRADA DO PAU FERRO,PECHINCHA,-22.821949,-42.9158954
RAYHAN PSICOLOGIA RENASCER,Niterói,ESTRADA FRANCISCO DA CRUZ NUNES,PIRATININGA,-22.9467504306,-43.0316877365
CLINICA CERECOL,Rio de Janeiro,PC SAENZ PENA,TIJUCA,-22.9243108,-43.2347082
CROI CENTRO DE REABILITACAO ORAL INTEGRADA,Rio de Janeiro,RUA BUENOS AIRES,CENTRO,-22.9032124,-43.1795341
CLINICA DE REABILITACAO INFANTIL NEUROPEDIATRICA,Duque de Caxias,RUA MOGI,JARDIM GRAMACHO,-22.7611755,-43.2882726
RE HABILITAR ESPECIALIZADA EM REABILITACAO PEDIATRICA,São João de Meriti,AVENIDA NOSSA SENHORA DAS GRACAS,CENTRO,-22.8049,-43.36735
PABLO CERANTE MOREIRA SERVICOS MEDICOS,Rio de Janeiro,RUA CONDE DE BONFIM,TIJUCA,-22.85767,-42.2576585
CLINICA CERN SERVICOS DE FISIOTERAPIA,Rio de Janeiro,R JARDIM BOTANICO,JARDIM BOTANICO,-22.968197,-43.225933
JOSE LUIZ DE LACERDA JUNIOR,Rio de Janeiro,RUA FELIPE CARDOSO,SANTA CRUZ,-22.9227057,-43.67950558
SMS CAPSI ZIRALDO AP 22,Rio de Janeiro,MATA MACHADO,MARACANA,-22.913578,-43.225321
SMS CAPSI MAFALDA AP 53,Rio de Janeiro,RUA ALVARO ALBERTO,SANTA CRUZ,-22.9154982,-43.683313
ENCANTE ESPACO MULTIDISCIPLINAR E REABILITACAO,Rio de Janeiro,RUA ANDRE PINTO,RAMOS,-22.852857759,-43.2580116842
DESPERTAR DO CRESCER,Niterói,R DA CONCEICAO,CENTRO,-22.8942073,-43.1210009
CENTRO DE REFERENCIA MUNICIPAL DE AUTISMO II,São Gonçalo,RUA ANTONIO RODRIGUES FIGUEIREDO,CENTRO,-22.654256,-43.111258
SEMEAR CLINICA INTERDISCIPLINAR ESPECIALIZADA EM AUTISMO,Rio de Janeiro,WALDEMAR MEDRADO DIAS,CAMPO GRANDE,-22.879,-43.229
SMS CAPS AD III CAROLINA MARIA DE JESUS AP 10,Rio de Janeiro,RUA DA EMANCIPACAO,SAO CRISTOVAO,-22.89915,-43.22784
SMS CAPS AD III DONA IVONE LARA AP 33,Rio de Janeiro,AVENIDA ERNANI CARDOSO,CASCADURA,-22.88218,-43.33545
CAPACITEAUTISMO NITEROI,Niterói,R MURILO PORTUGAL,SAO FRANCISCO,-22.8964971955,-43.0757403374
ESPACO CRESCER RECREIO,Rio de Janeiro,AVENIDA DAS AMERICAS,RECREIO DOS BANDEIRA,-23.0186775,-43.487240447
CLINICA CRESCER E SORRIR ODONTOLOGIA E PEDIATRIA,Nova Iguaçu,DOUTOR MARIO GUIMARAES,CENTRO,-22.7569036,-43.4623771
SMS CAPS AD III JOVELINA PEROLA NEGRA AP 40,Rio de Janeiro,ESTRADA RODRIGUES CALDAS,TAQUARA,-22.9335154,-43.398277
SGP TERAPIA E REABILITACAO,Duque de Caxias,R EXPEDICIONARIO AQUINO DE ARAUJO,ENGENHO DO PORTO,-22.7918538,-43.3198914
FERNANDA LACERDA PSICOLOGIA,Rio de Janeiro,RUA CONDE DE BONFIM,TIJUCA,-22.9321521836,-43.2405352592
FLORESCER FONOAUDIOLOGIA,Rio de Janeiro,AV DAS AMERICAS,BARRA DA TIJUCA,-23.001557,-43.387992
ESPACO CRESCER STUDIO,Niterói,AV ALMIRANTE ARY PARREIRAS,ICARAI,-22.90475,-43.09604
CERQUEIRA CAMPOS MEDICOS,Rio de Janeiro,AV JORGE CURI,BARRA DA TIJUCA,-22.99244705,-43.3700673689
CRESCER COM RESPEITO,Rio de Janeiro,RUA ENGENHEIRO ENALDO CRAVO PEIXOTO,TIJUCA,-22.92239,-43.23707
FISIOLEBEN CENTRO DE FISIOTERAPIA E REABILITACAO,Rio de Janeiro,R BARAO DE ITAPAGIPE,RIO COMPRIDO,-22.920668,-43.2130796
PALLIARE REABILITACAO FUNCIONAL E CUIDADOS,Rio de Janeiro,R AFONSO PENA,TIJUCA,-22.9176146297,-43.2188236577
CENTRO DE REABILITACAO FISIO COPA,Rio de Janeiro,NOSSA SENHORA DE COPACABANA,COPACABANA,-22.9634,-43.1764
CONHECER,Rio de Janeiro,AV JULIO DE SA BIERRENBACH ALM,JACAREPAGUA,-22.9629770905,-43.371963501
REHAB FISIOTERAPIA EM REABILITACAO,Rio de Janeiro,RUA DO CATETE,CATETE,-22.9308726,-43.1770121
FELIPE CERQUEIRA MATHEUS SERVICOS DE SAUDE,Rio de Janeiro,DEZENOVE DE FEVEREIRO,BOTAFOGO,-22.9523821,-43.1870573
INSTITUTO FACIALE DE REABILITACAO ORAL MAXILO FACIAL LTDA,São Gonçalo,R DOUTOR FELICIANO SODRE,CENTRO,-22.8259531,-43.049871176
APRIORI HABILITACAO E REABILITACAO,Rio de Janeiro,EST DOS TRES RIOS,FREGUESIA JACAREPAG,-22.9364307093,-43.3323196759
NEURO KIDS CLINICA DE DESENVOLVIMENTO E REABILITACAO,Rio de Janeiro,RUA GENERAL ROCA,TIJUCA,-22.923704,-43.234976
CERVIM BARRA,Rio de Janeiro,AVENIDA DAS AMERICAS,BARRA DA TIJUCA,-23.00172,-43.38785
FLORESCER,Rio de Janeiro,RUA PADRE ELIAS GORAYEB,TIJUCA,-22.9259818,-43.2339814
CLINICA FONOAUDIOLOGICA DE REABILITACAO E DESENVOLVIMENTO,Rio de Janeiro,RUA XAVIER DA SILVEIRA,COPACABANA,-22.9769748,-43.1907288
CURA CENTRO DE REABILITACAO,Rio de Janeiro,AV DOM HELDER CAMARA,CACHAMBI,-22.8873843003,-43.2821846008
JT PERFORMANCE E REABILITACAO,Rio de Janeiro,AVENIDA OLEGARIO MACIEL,BARRA DA TIJUCA,-23.0086383847,-43.3043503761
DANSAI CLINICAPSI,Rio de Janeiro,RUA PEREIRA DA SILVA,LARANJEIRAS,-22.9343259648,-43.1865262985
CLINICA DE PSICOLOGIA KARINA CERDEIRA,Rio de Janeiro,AV DAS AMERICAS,RECREIO DOS BANDEIRA,-23.0201996,-43.4860207
FLORESCER,Rio de Janeiro,DAS AMERICAS,BARRA DA TIJUCA,-23.0017453114,-43.387832905
INSTITUTO CRESCER,Rio de Janeiro,AVENIDA MARACANA,TIJUCA,-22.9277254668,-43.2329177856
PALAVRAS PARA FLORESCER PSICOLOGIA,Rio de Janeiro,AV RAYMUNDO MAGALHAES JUNIOR,BARRA DA TIJUCA,-23.002295,-43.37169
NUCLEO DE REABILITACAO FISIOTERAPICO VANESSA MEIRELES DA ROC,Rio de Janeiro,RUA CACHAMBI,CACHAMBI,-22.895,-43.274
ACONTECER ESPACO DO DESENVOLVIMENTO,Rio de Janeiro,AV AYRTON SENNA,BARRA DA TIJUCA,-22.9856298,-43.3659864
ESPACO TERAPEUTICO AUTISMO MAIS,Duque de Caxias,DOUTOR MANOEL TELES,CENTRO,-22.7969560509,-43.3223154772
OTOLIFE FONOAUDIOLOGIA E REABILITACAO AUDITIVA,Rio de Janeiro,AVENIDA ARMANDO LOMBARDI,BARRA DA TIJUCA,-23.014,-43.314
LARISSA LACERDA PSICOLOGIA INFANTIL,Rio de Janeiro,ESTRADA MACEMBU,TAQUARA,-22.9232986053,-43.3777570724
KARDIO O2 REABILITACAO,Rio de Janeiro,AVENIDA JOSE SILVA DE AZEVEDO NETO,BARRA DA TIJUCA,-22.95913,-42.96596
CLINICA DE REABILITACAO DA ILHA,Rio de Janeiro,AV GOVERNADOR CHAGAS FREITAS,MONERO,-22.7987084896,-43.1967475423
CENTRO ESPECIALIZADO DE REABILITACAO AS CRIANCAS NEUROATIPIC,Belford Roxo,RUA ERICK,PIAM,-22.7487983,-43.4024039
ESPACO CRESCER DIF,Rio de Janeiro,RUA GAGO COUTINHO,LARANJEIRAS,-22.9313868,-43.1820094
MOTUS REABILITACAO,Rio de Janeiro,VISCONDE DE PIRAJA,IPANEMA,-22.983,-43.2118
INTEGRASER CLINICA MULTIDISCIPLINAR E REABILITACAO,Rio de Janeiro,RUA DOUTOR BULHOES,ENGENHO DE DENTRO,-22.900667,-43.29759
FISIOARE FISIOTERAPIA ACUPUNTURA E REABILITACAO,Rio de Janeiro,NOSSA SRA DE COPACABANA,COPACABANA,-22.97016,-43.18567
CERTAM FISIOTERAPIA E PILATES,Rio de Janeiro,RUA BARAO DO FLAMENGO,FLAMENGO,-22.932754458,-43.1754565624
FISIOREABILITACAO,Rio de Janeiro,RUA ARAGUAIA,FREGUESIA,-22.830405,-43.6188139
SER PRA CRESCER,Rio de Janeiro,AVENIDA DAS AMERICAS,RECREIO DOS BANDEIRA,-23.01519,-43.47146
RENASCER SORRISOS,Rio de Janeiro,TV DA CHACARA,TANQUE,-22.915137808,-43.3624441183
CENTRO DE REABILITACAO AMERICAS,Rio de Janeiro,AV DAS AMERICAS,RECREIO DOS BANDEIRA,-23.0006544026,-43.421114154
KMCB REABILITACAO MOTORA,Rio de Janeiro,R AGUIAR,TIJUCA,-22.9229823954,-43.2586669922
CRIS CENTRO DE REABILITACAO INTEGRADA EM SAUDE,Rio de Janeiro,RUA GAGO COUTINHO,LARANJEIRAS,-22.3993340995,-42.9629641771
CENTRO DE ESTUDOS DE REABILITACAO E PEDAGOGIA LTDA,Nova Iguaçu,RUA JOAO MARTINS 439,K 11,-22.767813,-43.4387476
MOVE KIDS REABILITACAO,Rio de Janeiro,R JOSE BONIFACIO,TODOS OS SANTOS,-22.8879981857,-43.2840263171
FISIO REHAB FISIOTERAPIA E REABILITACAO,Rio de Janeiro,RUA SALINOPOLIS,TAQUARA,-22.9157575,-43.3900348
CTA FISIOTERAPIA E REABILITACAO,Rio de Janeiro,RUA ARATICUM,ANIL,-22.71702543,-43.412172496
CLIMFIR CLINICA DE MEDICINA FISICA E REABILITACAO,Rio de Janeiro,RUA DO CATETE 311,CATETE,-22.9227650006,-43.1766557693
RENATO CORTES DE LACERDA,Rio de Janeiro,RUA HADDOCK LOBO,TIJUCA,-22.9244053342,-43.2246780396
CENTRO DE REABILITACAO DO MOVIMENTO DO LEBLON,Rio de Janeiro,AVENIDA ATAULFO DE PAIVA,LEBLON,-22.98378,-43.21838
CAPSI MIGUEL COUTO,Nova Iguaçu,AVENIDA HENRIQUE DUQUE ESTRADA MEYER,MIGUEL COUTO,-22.7037944706,-43.433464946
MAOLIVRE CENTRO DE REABILITACAO DO MEMBRO SUPERIOR,Niterói,R GAVIAO PEIXOTO,ICARAI,-22.88333,-43.10361
GISELLE IANNARELLA LACERDA,Rio de Janeiro,AV NOSSA SENHORA DE COPACABANA,COPACABANA,-22.9865103,-43.1898361
ANA MARIA MOSCA DE CERQUEIRA,Rio de Janeiro,RUA REAL GRANDEZA,BOTAFOGO,-22.953,-43.194
JOANA DE ALENCAR MATOS CERQUEIRA,Rio de Janeiro,RUA VOLUNTARIOS DA PATRIA,BOTAFOGO,-22.9525049,-43.1909754
RM3 REABILITACAO SAUDE E PERFORMANCE,Rio de Janeiro,ESTRADA DOS TRES RIOS,FREGUESIA,-22.9364799499,-43.3323821425
CERVICAL SOCIEDADE SIMPLES,Rio de Janeiro,AVENIDA DAS AMERICAS,BARRA DA TIJUCA,-23.0028275,-43.32117411
CEFIR FISIOTERAPIA E REABILITACAO FILIAL,Rio de Janeiro,RUA MARIO HERMES,BENTO RIBEIRO,-22.8642176,-43.3599297
DQ ODONTOLOGIA ESTETICA E REABILITACAO ORAL,Rio de Janeiro,AVENIDA DAS AMERICAS,BARRA DA TIJUCA,-22.8779347,-43.22721
CENTRO ESP DE REABILITACAO CER II NORMA BASTOS FERNANDES,São João de Meriti,RUA IRACEMA,PARQUE NOVO RIO,-22.8026308067,-43.3724570274
XFISIO CENTRO DE REABILITACAO E PERFORMANCE FISICA,Rio de Janeiro,RUA MARECHAL CAMARA,CENTRO,-22.7804945,-43.3353312
M G SAUDE E REABILITACAO,Rio de Janeiro,R BOM PASTOR,TIJUCA,-22.9282092,-43.2303264
CLINICA FLORESCER,Nova Iguaçu,R GETULIO VARGAS,CENTRO,-22.76197545,-43.450675399
ESCOLA ESPECIAL CRESCER LTDA,Niterói,R JOSE JOAQUIM PEREIRA CALDAS,PIRATININGA,-22.9397904137,-43.0645095
PONTO DE EQUILIBRIO REABILITACAO SAUDE ESTETICA,Niterói,ESTRADA FRANCISCO DA CRUZ NUNES,ITAIPU,-22.9213222811,-43.0538749695
FLORESCER CLINICA DE PSICOLOGIA E SAUDE,Rio de Janeiro,AV CESARIO DE MELO,CAMPO GRANDE,-22.539207765,-43.026419858
UNIR NEUROLOGIA INFANTIL E REABILITACAO,Rio de Janeiro,LRG DOS LEOES,HUMAITA,-22.9534422,-43.19647142
NASCER CARIOCA,Rio de Janeiro,R ENGENHEIRO ENALDO CRAVO PEIXOTO,TIJUCA,-22.9225552441,-43.234513744
AGUA VIVA CLINICA DE REABILITACAO EMOCIONAL,Rio de Janeiro,AV DAS AMERICAS,BARRA DA TIJUCA,-23.0017977905,-43.3183580618
CINETICA ON REABILITACAO CARDIOPULMONAR,Rio de Janeiro,RUA PAULA FREITAS,COPACABANA,-22.9672354,-43.1835746
SEMENTE REABILITACAO INFANTIL,Niterói,R DOUTOR OLIVEIRA BOTELHO,SAO FRANCISCO,-22.9176738936,-43.0858368153
CLINICA ALQUIMIA DE REABILITACAO,Rio de Janeiro,RUA TERESA GUIMARAES,BOTAFOGO,-22.94561,-43.18621
ESPACO FLORESCER,Rio de Janeiro,RUA JOSE BONIFACIO,TODOS OS SANTOS,-22.8889708,-43.2836392
FRAME CLINICA DE TRATAMENTO E REABILITACAO,Rio de Janeiro,RUA MARQUESA DE SANTOS,LARANJEIRAS,-22.9303478,-43.1812653
FISIOTERAPIA DO SER ESPEC EM REABILITACAO E BEM ESTAR,Rio de Janeiro,AVENIDA ATAULFO DE PAIVA,LEBLON,-22.874,-43.2283473
FISCORPP RIACHUELO CLINICA DE REABILITACAO,Rio de Janeiro,R CLARA DE BARROS,RIACHUELO,-22.9002792477,-43.2580684041
RESPIRAR E CRESCER FISIOTERAPIA,Rio de Janeiro,EST DO GUANUMBI,FREGUESIA JACAREPAG,-22.8767089811,-43.2278966904
CENTRO INTEGRADO DE REABILITACAO PERFORMANCE E SAUDE,Rio de Janeiro,RUA SACOB GORENDER HISTORIADOR,RECREIO DOS BANDEIRA,-23.015,-43.473
SONIA PABST CENTRO DE REABILITACAO DA COLUNA VERTEBRAL,Rio de Janeiro,EST DO GALEAO,ILHA DO GOVERNADOR,-22.858,-43.258
SMS CAPS III ARTHUR BISPO DO ROSARIO AP 40,Rio de Janeiro,AVENIDA TEIXEIRA BRANDAO,TAQUARA,-22.94849,-43.394804
ROBERTO LUCIO CERDEIRA,São João de Meriti,RUA MANOEL FRANCISCO DA ROSA,CENTRO,-22.802235193,-43.3717703819
SMS CAPS FERNANDO DINIZ,Rio de Janeiro,LEOPOLDINA REGO,PENHA,-22.842274,-43.270785
CERVIX LTDA,Rio de Janeiro,R MARQUES DE SAO VICENTE,GAVEA,-22.9783392,-43.2337317
CAPS INFANTO JUVENIL ZE GAROTO,São Gonçalo,RUA VEREADOR CLEMETE SOUZA E SILVA,ZE GAROTO,-22.817526,-43.019528
INSTITUTO ESPECTRO AUTISMO,Rio de Janeiro,RUA HADDOCK LOBO,TIJUCA,-22.919,-43.215
FLORESCER SERVICOS DE TERAPIA OCUPACIONAL,Rio de Janeiro,TV MANICORE,OLARIA,-22.8512694,-43.2716703
SMS CAPS DIRCINHA E LINDA BATISTA AP 33,Rio de Janeiro,RUA JORNALISTA HERMANO REQUIAO,GUADALUPE,-22.84665,-43.3787
FONO DO AUTISMO,Nova Iguaçu,AV DOUTOR MARIO GUIMARAES,CENTRO,-22.759614,-43.4575254
SMS CAPS III CLARICE LISPECTOR AP 32,Rio de Janeiro,RUA DOIS DE FEVEREIRO,ENCANTADO,-22.902382,-43.302303
SAUDE E VIDA E REABILITACAO,Rio de Janeiro,R CONDE DEU,BARRA DA TIJUCA,-23.008747434,-43.295998373
SMS CAPS AD RAUL SEIXAS AP 32,Rio de Janeiro,RUA DOIS DE FEVEREIRO,ENCANTADO,-22.90302,-43.30271
CROI CENTRO DE REABILITACAO ORAL INTEGRADA,Rio de Janeiro,RUA BUENOS AIRES,CENTRO,-22.90298,-43.1795
SMS CAPSIII MARIA CLARA MACHADO AP 32,Rio de Janeiro,RUA HONORIO,TODOS OS SANTOS,-22.89104,-43.31109
FRAME CLINICA DE TRATAMENTO E REABILITACAO,Rio de Janeiro,RUA MACHADO DE ASSIS,FLAMENGO,-22.9311159,-43.1759901
ICRO INSTITUTO DE REABILITACAO ORAL,Rio de Janeiro,CESARIO DE MELO,CENTRO,-22.9055588506,-43.5577298315
IRR INSTITUTO DE REABILITACAO RESPIRATORIA,Rio de Janeiro,BVD VINTE E OITO DE SETEMBRO,VILA ISABEL,-22.918,-43.242
MALAFAIA REABILITACAO E ENSINO,Rio de Janeiro,RUA PROFESSOR FERREIRA DA ROSA,BARRA DA TIJUCA,-22.9111866,-43.2082069
CLUBE CRESCER,Niterói,AVENIDA RUI BARBOSA 29,SAO FRANCISCO,-22.9112722,-43.0726558
MOREIRA REABILITACAO E ENSINO,Rio de Janeiro,RUA BOM PASTOR,TIJUCA,-22.9111866,-43.2082069
ENFERMEIRAS OBSTETRICAS FLORNASCER,Rio de Janeiro,R GENERAL CANABARRO,MARACANA,-22.9122819,-43.2238471
DINAMICA SAUDE REABILITACAO,Rio de Janeiro,RUA ALMIRANTE TAMANDARE,FLAMENGO,-22.931714,-43.17708
ESPACO FLORESCER,Rio de Janeiro,LARGO DO MACHADO,CATETE,-22.9312809,-43.1811595
DROGARIA SAUDAVEL PONTO CERTO LTDA ME,Belford Roxo,ANIBAL DA MOTTA,SAO JOSE,-22.7651017397,-43.399643898
INSTITUTO DE REABILITACAO ORAL LTDA,São Gonçalo,RUA FELICIANO SODRE,CENTRO,-22.827,-43.054
CENTRO CLINICO INTEGRADO EXISTE UM LUGAR EXISTE UM CRESCER,Rio de Janeiro,R ENGENHEIRO HAROLDO CAVALCANTI,RECREIO DOS BANDEIRA,-23.021,-43.462
FELIPE CAMPOS REABILITACAO E ENSINO,Rio de Janeiro,RUA URUGUAI,TIJUCA,-22.9111866,-43.2082069
CAPS AD XEREM,Duque de Caxias,RUA MARCIO SANTOS SILVA,MANTIQUIRA XEREM,-22.5852469145,-43.3027450711
CENTRO DE ODONTOLOGIA DE PREVENCAO E REABILITACAO,Rio de Janeiro,AV NOSSA SENHORA DE COPACABANA,COPACABANA,-22.97838181,-43.19097404
CEREJEIRA EM FLOR PSICOLOGIA CLINICA E ORGANIZACIONAL,Rio de Janeiro,AV MARECHAL CAMARA,CENTRO,-22.9093027645,-43.169083
GAC GRUPO DE ANESTESIOLOGIA DO CEREBRO,Rio de Janeiro,AV JOSE SILVA DE AZEVEDO NETO,BARRA DA TIJUCA,-22.988738161,-43.3607196808
ESPACO CORES COMPORTAMENTO REABILITACAO E SAUDE,Rio de Janeiro,RUA ROBERVAL CORDEIRO DE FARIAS,RECREIO DOS BANDEIRA,-23.0176501049,-43.4590068555
HYGIA CENTRO DE REABILITACAO E SAUDE,Rio de Janeiro,R MAESTRO JOSE SIQUEIRA,BARRA DA TIJUCA,-23.0084533,-43.3700663
CRSJ CENTRO DE REABILITACAO SAO JOSE,Rio de Janeiro,MANACEA,MADUREIRA,-22.8698301,-43.3436058
RIO REABILITACAO,Rio de Janeiro,TRAVESSA BRANDURA,VILA DA PENHA,-22.838639,-43.31004
INSTITUTO DE REABILITACAO NEURUS,Rio de Janeiro,R ELIAS LOBO,CAMPO GRANDE,-22.8369459209,-43.3081054688
AG REABILITACAO,Rio de Janeiro,RUA DAS DALIAS,VILA VALQUEIRE,-22.88,-43.351
BRUNA HABILITACAO E REABILITACAO FONOAUDIOLOGICA,Rio de Janeiro,R PROFESSORA CELINA PADILHA,CAMPO GRANDE,-22.9223352311,-43.5484539712
CHAVES LACERDA,Rio de Janeiro,RUA NOSSA SENHORA DE COPACABANA,COPACABANA,-22.7092,-43.21609
MACHADO CERDEIRO SERVICOS MEDICOS,Rio de Janeiro,RUA VOLUNTARIOS DA PATRIA,BOTAFOGO,-22.9526436,-43.18837165
PREFIRE PREPARACAO FISICA E REABILITACAO,Rio de Janeiro,BARAO DO FLAMENGO,FLAMENGO,-22.93,-43.175
ESPACO CRESCER SAUDE E DESENVOLVIMENTO,Niterói,AV ALMIRANTE ARY PARREIRAS,ICARAI,-22.9047425871,-43.0960766906
LUMIA CLINICA ESPECIALIZADA EM REABILITACAO,São João de Meriti,AVENIDA COMENDADOR TELES,VILAR DOS TELLES,-22.77227,-43.37344
FLORESCER PSI,Rio de Janeiro,ESTRADA BLASO TASSO,SANTA CRUZ,-22.953788,-43.672802
MAOLIVRE CENTRO DE REABILITACAO DO MEMBRO SUPERIOR,Niterói,R GAVIAO PEIXOTO,ICARAI,-22.9038872481,-43.1094269031
MASTOCERVIX,Rio de Janeiro,RUA URUGUAI,ANDARAI,-22.9267477219,-43.2451244536
ISAC BORGES LACERDA,Niterói,RUA DR PAULO CESAR,SANTA ROSA,-22.8990452421,-43.1104396031
ORTHO CLINIC SINAPSE REABILITACAO LTDA,Niterói,QUINZE DE NOVEMBRO,CENTRO,-22.8962439,-43.1221308
TAINAH MONCERAT FISIOTERAPIA,Rio de Janeiro,RUA MIGUEL FERNANDES,MEIER,-22.8982122,-43.2701694
CLINICA MULTIDISCIPLINAR BRINCAR CRESCER,Rio de Janeiro,EST CACHAMORRA,CAMPO GRANDE,-22.9369473,-43.558012
SMS CAPS III TORQUATO NETO AP 32,Rio de Janeiro,ESTRADA ADHEMAR BEBIANO,INHAUMA,-22.87227,-43.27269
SOMAR VITTA CENTRO DE REABILITACAO LTDA,Nova Iguaçu,AVENIDA NILO PECANHA,CENTRO,-22.75624085,-43.4466447897
NASCER CARIOCA,Rio de Janeiro,R ENGENHEIRO ENALDO CRAVO PEIXOTO,TIJUCA,-22.922555,-43.234513
CANCER CENTER,Rio de Janeiro,RUA HUMAITA,HUMAITA,-22.9590655,-43.2001979
FISIO TRAINER REABILITACAO FUNCIONAL,Rio de Janeiro,RUA BARAO DE MESQUITA,ANDARAI,-22.9199190735,-43.2311207056
INSTITUTO DA DOR ORO CERVICO FACIAL,Rio de Janeiro,AVENIDA AFRANIO DE MELO FRANCO,LEBLON,-22.98265,-43.21818
SMS CAPS AD MANE GARRINCHA AP 22,Rio de Janeiro,RUA JURUPARI,TIJUCA,-22.510971,-43.54283
CLINICA DE REABILITACAO ORAL SCANDER LTDA,Duque de Caxias,AV PERIMETRAL BRIGADEIRO LIMA E SILVA,JARDIM 25 DE AGOSTO,-22.785253,-43.309888
SMS CAPSI JOAO DE BARRO AP 52,Rio de Janeiro,ESTRADA DO CAMPINHO,CAMPO GRANDE,-22.888053,-43.598344
PROGRAMA NACIONAL DE PREVENCAO DO CANCER,São João de Meriti,RUA VALERIO VILLAS BOAS,CENTRO,-22.8023538772,-43.372027874
CENTRO DE ATENCAO PSICOSSOCIAL INFANTO JUVENIL MANINHO CAPSI,São João de Meriti,AVENIDA PRESIDENTE LINCOLN,JARDIM MERITI,-22.7757138,-43.362221
FISIO TERAPIAS DE REABILITACAO,Rio de Janeiro,ESTRADA DE JACAREPAGUA,FREGUESIA JACAREPA,-22.9531523,-43.3380523
CEREST REGIONAL,Nova Iguaçu,RUA DOM WALMOR,CENTRO,-22.7567121318,-43.4522143762
RT REABILITACAO ORAL E ESTETICA,Rio de Janeiro,EST DOS BANDEIRANTES,TAQUARA,-22.92748,-43.37384
GRUPO INTEGRADO DE REABILITACAO,Niterói,RUA MINISTRO OTAVIO KELLY,ICARAI,-22.9060507749,-43.1014235205
VITOR BARBOSA CERQUEIRA,Nova Iguaçu,RUA GETULIO VARGAS,CENTRO,-22.761688,-43.450338
CENTRO DE REABILITACAO 3JB,Rio de Janeiro,ANTONIO DE ABREU,MADUREIRA,-22.8696611,-43.3409811
CEREST METRO II 1 RJ,Niterói,AVENIDA AMARAL PEIXOTO,CENTRO,-22.8933766421,-43.1224189927
VERTEBRAE FISIOTERAPIA E REABILITACAO,Rio de Janeiro,SENADOR DANTAS,CENTRO,-22.910436,-43.177355
CAPS AD VANDERLEI MARINS,Nova Iguaçu,RUA MIRIM,AUSTIN,-22.7166360786,-43.5289566875
CAPSI DOM ADRIANO HIPOLITO,Nova Iguaçu,RUA HUMBERTO DE CAMPOS,DA LUZ,-22.7574580588,-43.462776361
CORES CLINICA ODONTOLOGICA DE REABILITACAO E ESTETICA,Rio de Janeiro,AV TREZE DE MAIO,CENTRO,-22.9097206771,-43.1769132614
CAPS ALCOOL E OUTRAS DROGAS II SAO GONCALO,São Gonçalo,RUA CORONEL SERRADO,ZE GAROTO,-22.844052,-43.0801685
CAPS AD,São João de Meriti,RUA CLARA COSTA,CENTRO,-22.8028088325,-43.3755040169
SMS CAPS JOAO FERREIRA SILVA FILHO AP 31,Rio de Janeiro,ESTRADA DO ITARARE,COMPLEXO DO ALEMAO,-22.8604987,-43.267441553
SMS CAPS MARIA DO SOCORRO SANTOS AP 21,Rio de Janeiro,ESTRADA DA GAVEA,ROCINHA,-22.98913,-43.25244
DPR REABILITACAO RESPIRATORIA,Rio de Janeiro,AV 28 DE SETEMBRO,VILA ISABEL,-22.8646167,-42.288858
IR IMPLANTERIO CENTRO DE REABILITACAO EM IMPLANTES,Rio de Janeiro,NOSSA SENHORA DE COPACABANA,COPACABANA,-22.972493,-43.1877518
CENTRO DE REABILITACAO OFFREDI VIANNA,Niterói,MIGUEL DE FRIAS,ICARAI,-22.8994159,-43.1120477
URF UNIDADE DE REABILITACAO FONOAUDIOLOGICA,Rio de Janeiro,ESTRADA DE JACAREPAGUA,FREGUESIA JACAREPAGU,-22.9421117674,-43.3416759968
SMS CENTRO DE EMERGENCIA REGIONAL CER LEBLON AP 21,Rio de Janeiro,RUA MARIO RIBEIRO,LEBLON,-22.9766497,-43.2190085
SMS CENTRO DE EMERGENCIA REGIONAL CER CENTRO AP 10,Rio de Janeiro,RUA FREI CANECA,CENTRO,-22.9030019,-43.2080049
SMS CENTRO DE EMERGENCIA REGIONAL CER BARRA AP 40,Rio de Janeiro,AVENIDA AYRTON SENNA,BARRA DA TIJUCA,-22.594,-43.2715093
FISER FISIOTERAPIA E REABILITACAO,Rio de Janeiro,R CAROLINA MACHADO,MADUREIRA,-22.874669,-43.33976
FONOCERTA CLINICA MULTIDISCIPLINAR SOCIEDADE SIMPLES,São Gonçalo,AVENIDA PRESIDENTE KENNEDY,ESTRELA DO NORTE,-22.8270729,-43.0549518
CROM CENTRO DE REABILITACAO OROMIOFUNCIONAL,Niterói,CEL MOREIRA CESAR,ICARAI,-22.8265129443,-43.0517550623
CLINICA PHINASCER DE FISIOTERAPIA,Rio de Janeiro,RUA PADRE ELIAS GORAYEB,TIJUCA,-22.9256694,-43.2344599
SMS CF KELLY CRISTINA DE SA LACERDA SILVA AP 51,Rio de Janeiro,AVENIDA CARLOS SAMPAIO CORREA,SENADOR CAMARA,-22.887414,-43.481981
CENTRO DE REABILITACAO DRA MAINARDI,Rio de Janeiro,NELSON CARDOSO,TAQUARA,-22.214592,-43.707217
ALM REABILITACAO,Rio de Janeiro,RUA REGO LOPES,TIJUCA,-22.9251816,-43.223482
SMS CENTRO DE EMERGENCIA REGIONAL CER SANTA CRUZ AP 53,Rio de Janeiro,RUA DO PRADO,SANTA CRUZ,-22.90344,-43.2084
CRESCER,Niterói,RUA MAGNOLIA BRASIL,FONSECA,-22.885110923,-43.0926918983
MS INCA HOSPITAL DO CANCER IV CUIDADOS PALIATIVOS,Rio de Janeiro,RUA VISCONDE SANTA ISABEL,VILA ISABEL,-22.925686,-43.2618207
SMS CAPSI III MAURICIO DE SOUSA AP 21,Rio de Janeiro,AVENIDA VENCESLAU BRAS,BOTAFOGO,-22.9527986,-43.17528628
SMS CAPSI VISCONDE DE SABUGOSA AP 31,Rio de Janeiro,AV GUANABARA,MARE,-22.85213,-43.246931
CAPSAD RENATO RUSSO,Duque de Caxias,RUA NILO VIEIRA,JARDIM 25 DE AGOSTO,-22.7841129377,-43.3155929338
SMS CAPS AD III ANTONIO CARLOS MUSSUM AP 40,Rio de Janeiro,AVENIDA SAMPAIO CORREA,TAQUARA,-22.9373766,-43.3915413
SMS RIO COORD DE EMERGENCIA REGIONAL CER ILHA DO GOV AP 31,Rio de Janeiro,ESTRADA DO GALEAO,PORTUGUESA,-22.8052174,-43.2110472
CENTRO MEDICO NASCER E RENASCER,Rio de Janeiro,RUA AURELIO VALPORTO,MARECHAL HERMES,-22.8588818,-43.3701276
SMS CAPSI HEITOR VILLA LOBOS AP 33,Rio de Janeiro,RUA PADRE MANSO,MADUREIRA,-22.87719,-43.33728
SMS CAPS AD JULIO CESAR DE CARVALHO AP 53,Rio de Janeiro,RUA SEVERIANO DAS CHAGAS,SANTA CRUZ,-22.9153712,-43.6800045
CICERO ANTONIO MONTEIRO DE SOUZA,Rio de Janeiro,AV RIO BRANCO,CENTRO,-22.905971,-43.1775918
CENTRO DE REABILITACAO ORAL,Rio de Janeiro,RUA SILVA RABELO,MEIER,-22.9015589,-43.2795675
SES RJ HOSPITAL ESTADUAL TRANSPLANTE CANCER E CIR INFANTIL,Rio de Janeiro,RUA LUIZ BELTRAO,VILA VALQUEIRE,-22.8851061,-43.3686044
MANOELA FERNANDES CERQUEIRA,Rio de Janeiro,RUA CONDE DE BONFIM,TIJUCA,-22.9233523,-43.2314523
CLINICA DE REABILITACAO MARIA DE LOURDES,Rio de Janeiro,RUA CONDE DE LINHARES,OSWALDO CRUZ,-22.8770437,-43.3496097
SARE SAUDE E REABILITACAO,Niterói,MARIO ALVES,ICARAI,-22.9003,-43.1077
FIOCRUZ IOC LABORATORIO DE SIMULIDEOS E ONCOCERCOSE,Rio de Janeiro,AV BRASIL,MANGUINHOS,-22.9393152298,-43.4023631825
FISIOPLUS FISIOTERAPIA E REABILITACAO,Rio de Janeiro,CAROLINA MACHADO,MADUREIRA,-22.8812973,-43.3294518
SES RJ INSTITUTO ESTADUAL DO CEREBRO PAULO NIEMEYER,Rio de Janeiro,RUA DO REZENDE,CENTRO,-22.4627,-44.4556
CERES MARIA DE FRANCA BEZERRA,Rio de Janeiro,AVN RIO BRANCO,CENTRO,-22.9090741,-43.1770539
FISIOCERTA CLINICA DE FISIOTERAPIA,Rio de Janeiro,AV NOSSA SENHORA DE COPACABANA,COPACABANA,-23.0002737349,-43.3686161041
FISIOGUIO REABILITACAO EM SAUDE,Rio de Janeiro,RUA HADDOCK LOBO,TIJUCA,-22.9166361,-43.2097521
CAPS UERJ UNIVERSITARIO,Rio de Janeiro,AVENIDA MARECHAL RONDON,SAO FRANCISCO XAVEIR,-22.90607585,-43.2442544333
FISIOART SERVICOS DE REABILITACAO EM FISIOTERAPIA,Rio de Janeiro,DAS AMERICAS,BARRA DA TIJUCA,-23.001114,-43.337295
JACER FERREIRA DA SILVA,Rio de Janeiro,RUA GENERAL ROCA,TIJUCA,-22.9236839851,-43.2349348068
MARIA MARLENE LACERDA BALBI CONSULTORIO TIJUCA,Rio de Janeiro,RUA DESEMBARGADOR IZIDRO,TIJUCA,-22.92643,-43.23323
CAPS III FRANCISCO DOS SANTOS SIQUEIRA,São Gonçalo,RUA MARIA RITA,PORTO NOVO,-22.831266,-43.0730086
SMS CAPS AD MIRIAM MAKEBA AP 31,Rio de Janeiro,RUA PROFESSOR LACE,RAMOS,-22.857683,-43.250543
MARCO ANTONIO LACERDA LIMA,Rio de Janeiro,AV NELSON CARDOSO,TAQUARA,-22.9169706,-43.3627877
FISIO DOCTOR CLINICA DE FISIOTERAPIA E REABILITACAO,Rio de Janeiro,RUA PADRE ELIAS GOYAREB,TIJUCA,-22.9035735987,-43.2079839706
HOSPITAL FUNDACAO DO CANCER,Rio de Janeiro,RUA ARISTIDES CAIRE,MEIER,-22.8995215136,-43.2792663574
ERIKA TIEMI IRIE CERQUEIRA,Rio de Janeiro,RUA CAROLINA MACHADO,MADUREIRA,-22.874176,-43.340294
SMS CAPS AD III PAULO DA PORTELA AP 33,Rio de Janeiro,RUA PIRAPORA,TURIACU,-22.86636,-43.3448
CLINICA PRO FACE DE CIRURGIA CERVICO FACIAL,Rio de Janeiro,SOROCABA,BOTAFOGO,-22.95393,-43.18984
FATIMA PEREIRA DE CAMPOS CERVEIRA,Rio de Janeiro,AVENIDA BRAZ DE PINA,BRAZ DE PINA,-22.833623,-43.318564
SILVIANO FIGUEIRA DE CERQUEIRA,Rio de Janeiro,RUA REAL GRANDEZA,BOTAFOGO,-22.9590436,-43.1911264
CENTRO DE REABILITACAO MARCELO FERNANDES,Rio de Janeiro,ESTRADA RIO SAO PAULO,CAMPO GRANDE,-22.8938953386,-43.5613033175
DENTAL CARE REABILITACAO ORAL,Rio de Janeiro,MEXICO,CENTRO,-22.907925,-43.175663
SMS CAPS FRANCO BASAGLIA AP 21,Rio de Janeiro,AV VENCESLAU BRAS,BOTAFOGO,-22.952751,-43.175891
A SAMPAIO IMPLANTODONTIA E REABILITACAO ORAL,Rio de Janeiro,AVN AYRTON SENNA,BARRA DA TIJUCA,-22.99237705,-43.36429371
SMS CAPS NEUSA SANTOS SOUZA AP 51,Rio de Janeiro,RUA BAALBECK,SENADOR CAMARA,-22.880792,-43.491914
INSTITUTO DO RIM E DO CEREBRO SERVICOS MEDICOS,Rio de Janeiro,AYRTON SENNA,BARRA DA TIJUCA,-22.9879480171,-43.3652687073
REFISIO CLINICA DE REABILITACAO E FISIOTERAPIA,Rio de Janeiro,AV NOSSA SENHORA DE COPACABANA,COPACABANA,-22.970445,-43.186633
RECAPSY CENTRO,Rio de Janeiro,AV TREZE DE MAIO,CENTRO,-22.9091115463,-43.1772957876
INSPIRA REABILITACAO,Rio de Janeiro,RUA JACURUTA,PENHA,-22.8358669,-43.2723781
NASCERE ESPACO SAUDE,Niterói,R DOUTOR PAULO CESAR,ICARAI,-22.8853882171,-43.1143188362
ESPACO TERAPEUTICO NEUROFLORESCER,São Gonçalo,RUA NESTOR PINTO ALVES,VILA TRES,-22.8197555,-42.9970937
CLINIK CENTRO DE REABILITACAO,Rio de Janeiro,AV FLAMBOYANTS DA PENINSULA,BARRA DA TIJUCA,-22.989,-43.351
CENTRO DE ATENCAO PSICOSSOCIAL CAPS III FIGUEIRA,Duque de Caxias,RUA ALAMEDA CORRETORES,CHACARAS RIO PETROPO,-22.6787094481,-43.2885591126
ESPACO INCLUIR FONO AUTISMO,Rio de Janeiro,EST CORONEL PEDRO CORREIA,JACAREPAGUA,-22.48652763,-44.27875746
DINAMICA SAUDE REABILITACAO,Duque de Caxias,AVENIDA BRIGADEIRO LIMA E SILVA,25 DE AGOSTO,-22.7940614721,-43.2982808595
CLINICA PRO NASCER ASSISTENCIA MEDICA E LABORATORIAL,Rio de Janeiro,AV ARMANDO LOMBARDI,BARRA DA TIJUCA,-23.005725,-43.3141488
SMS CENTRO CARIOCA DE REABILITACAO DA ZONA OESTE AP 52,Rio de Janeiro,RUA CAMPO GRANDE,CAMPO GRANDE,-22.899806,-43.550573
ESPACO FLORESCER MULTITERAPIAS,São João de Meriti,R CLEBER SANTOS DE CARVALHO,VILAR DOS TELES,-22.7768688121,-43.3561249321
NCX CENTRO DE REABILITACAO E PERFORMANCE,Rio de Janeiro,AV DAS AMERICAS,RECREIO DOS BANDEIRA,-22.587652,-43.927875
ESPACO FLORECER INTERVENCAO COMPORTAMENTAL,Rio de Janeiro,R DAGMAR DA FONSECA,MADUREIRA,-22.87368065,-43.39714854
SMS CENTRO DE REABILITACAO E CEDTEA IRAJA AP 33,Rio de Janeiro,RUA HANNIBAL PORTO,IRAJA,-22.82383,-43.32478
CLINICA FLORECER,Rio de Janeiro,PR BOTAFOGO,BOTAFOGO,-22.9423,-43.1812
DL ODONTOLOGIA REABILITACAO ORAL,Rio de Janeiro,RUA MIOSOTIS,VILA VALQUEIRE,-22.8875622,-43.288192749
MENS SANA IN CEREBRO SANO PSIQUIATRIA,Rio de Janeiro,AV DAS AMERICAS,BARRA DA TIJUCA,-22.998219526,-43.355484
DR TULIO E DRA ANA CECILIA REABILITACAO ORAL,Rio de Janeiro,AVENIDA EMBAIXADOR ABELARDO BUENO 01023,BARRA OLIMPICA,-22.8804256689,-43.2241201401
DTM SERVICOS DE SAUDE E REABILITACAO FISICA LTDA,Nova Iguaçu,RUA QUINTINO BOCAIUVA,CENTRO,-22.758141,-43.449126
INSTITUTO ATIPICO CENTRO DE REABILITACAO PESQUISA E ENSINO,Rio de Janeiro,R PINHEIRO MACHADO,LARANJEIRAS,-22.9343457835,-43.1838701
DOSE CERTA FARMACIA DE MANIPULACAO,Rio de Janeiro,PRACA SAENZ PENA,TIJUCA,-22.84576652,-43.277875
NEXUS REABILITACAO E MOVIMENTO,Rio de Janeiro,ENGENHEIRO OCTACILIO NEGRAO DE LIMA,VILA ISABEL,-22.9035,-43.2096
DAYSA DE SOUZA REABILITACAO UROGENITAL,Rio de Janeiro,RUA ANA SILVA,PECHINCHA,-22.9243559269,-43.3545291424
CLINICA DE REABILITACAO SAUDE REVIGORAR,Rio de Janeiro,AVENIDA NOSSA SENHORA DE COPACABANA,COPACABANA,-22.975142,-43.189585
SMS CAPS CARLOS AUGUSTO DA SILVA MAGAL AP 31,Rio de Janeiro,AVENIDA DOM HELDER CAMARA,MANGUINHOS,-22.9035,-43.2096
ALPHA REABILITACAO ORAL,Rio de Janeiro,AVENIDA DOM HELDER CAMARA,CACHAMBI,-22.8847946241,-43.3127832413
BBL SERVICOS EM REABILITACAO,Rio de Janeiro,AVN MINIST ARY FRANCO,BANGU,-22.9027829574,-43.208220005
ROBERTA CERQUEIRA MIRANDA BITTENCOURT,Rio de Janeiro,RUA CONDE BONFIM,TIJUCA,-22.923705,-43.229609
SMS CAPS III MANOEL DE BARROS AP 40,Rio de Janeiro,RUA NOSSA SENHORA DOS REMEDIOS,TAQUARA,-22.9373344,-43.3904616
CENTRO DE REFERENCIA MUNICIPAL DE AUTISMO I,São Gonçalo,AV WASHINGTON LUIZ,GRADIM,-22.9541256,-43.555687
CICERO LUIZ SOUZA BRAGA,Rio de Janeiro,RUA REAL GRANDEZA,BOTAFOGO,-22.9601481,-43.1907126
SMS CAPS III OSWALDO DOS SANTOS AP 32,Rio de Janeiro,RUA LAGOA CLARA,INHAUMA,-22.87392,-43.27214
GINOCER SERVICOS MEDICOS,Rio de Janeiro,RUA HERMENGARDA,TIJUCA,-22.69876652,-43.627875
PROCIGGA CLINICA DE REABILITACAO FISICA E FUNCIONAL GERONTOL,Rio de Janeiro,RUA FELIPE DE OLIVEIRA,COPACABANA,-22.9620337,-43.1770391
SMS CENTRO DE EMERGENCIA REGIONAL CER CAMPO GRANDE AP 52,Rio de Janeiro,AVENIDA CESARIO DE MELO,CAMPO GRANDE,-22.9080610447,-43.5623807912
CENTRO DE EQUOTERAPIA E REABILITAO DA VILA MIL CERVIM,Rio de Janeiro,AVENIDA BRASIL,DEODORO,-22.85838,-43.41164
ELINA LAMBERT CERQUEIRA,Rio de Janeiro,LARGO DO MACHADO,CATETE,-22.9314542,-43.1787676
MARIA MARLENE LACERDA BALBI CONSULTORIO COPACABANA,Rio de Janeiro,AVENIDA NOSSA DE COPACABANA,COPACABANA,-22.92643,-43.23323
SANDRO DE ALBUQUERQUE CERBINO,Rio de Janeiro,RUA ANTONIO DE ABREU,MADUREIRA,-22.9738234158,-43.3655905724
DOMENICO FITTIPALDI REABILITACAO ORAL E ESTETICA,Rio de Janeiro,AVENIDA RIO BRANCO,CENTRO,-22.9068654,-43.1775123294
CLINICA DR CICERO,Rio de Janeiro,RIO BRANCO,CENTRO,-22.905971,-43.1775918
CENTRO ESPECIALIZADO EM REABILITACAO,Duque de Caxias,AVENIDA REPUBLICA PARAGUAI,SARAPUI,-22.748319,-43.29949
CAPSI INFANTO JUVENIL DR JOAQUIM DOS REIS PEREIRA,São Gonçalo,JOVELINO DE OLIVEIRA VIANA,ALCANTARA,-22.827965,-43.054874
ACERTT ORTODONTIA ESPECIALIZADA,Rio de Janeiro,LRG MACHADO,CATETE,-22.9314542,-43.1787676
ACONTECER,Rio de Janeiro,AVENIDA MERITI,VILA DA PENHA,-22.8274532676,-43.3108091354
AP SERVICOS DE REABILITACAO LEBLON,Rio de Janeiro,ATAULFO DE PAIVA,LEBLON,-22.983652,-43.2156165
SMS CAPS III EAT SEVERINO DOS SANTOS AP 32,Rio de Janeiro,RUA DOIS DE FEVEREIRO,ENGENHO DE DENTRO,-22.901643,-43.301128
ESPACO CLIMACO REABILITACAO DE COLUNA E ESTETICA,Rio de Janeiro,AV AYRTON SENNA,JACAREPAGUA,-22.96443,-43.3550538
CAPS ALCOOL E DROGAS III DR DANIEL GOMES DA SILVA,São Gonçalo,AUGUSTO FRANCO,ALCANTARA,-22.598559,-43.665878
CLINICA DE REABILITACAO FISIOTO FISIOTERAPIA,Rio de Janeiro,RUA SORIANO DE SOUZA,TIJUCA,-22.78876652,-43.227875
CENTRO DE REABILITACAO ORAL ORTODONTIA E IMPLANTODONTIA CR,Nova Iguaçu,RUA MARIA ADELAIDE DE CARVALHO,CENTRO,-22.759442,-43.448748
CENTRO DE DIAGNOSTICO E REABILITACAO ORAL RIVIERA,Rio de Janeiro,DAS AMERICAS,BARRA DA TIJUCA,-23.0082545,-43.46455005
PRIME IMPLANTODONTIA E REABILITACAO ORAL,Rio de Janeiro,AFONSO ARINOS DE MELO FRANCO,BARRA DA TIJUCA,-23.0047009,-43.3258651
MOSCA E CERQUEIRA SERVICOS MEDICOS,Rio de Janeiro,REAL GRANDEZA,BOTAFOGO,-22.9577610614,-43.191139698
CENTRO DE REABILITACAO E DESENVOLVIMENTO INFANTIL,Rio de Janeiro,DOS TRES RIOS,FREGUESIA JACAREPAG,-22.93985,-43.34315
CLINICA MEDICA E REABILITACAO SILVA MONTEIRO,Rio de Janeiro,RUA JOAO ROMARIZ,RAMOS,-22.85295,-43.25632
CENTRO DA COLUNA E CEREBRO SERVICOS MEDICOS,Rio de Janeiro,RUA OLINDA ELLIS,CAMPO GRANDE,-22.915,-43.553
SMS CENTRO DE EMERGENCIA REGIONAL CER REALENGO AP 51,Rio de Janeiro,RUA NILOPOLIS,REALENGO,-22.86607,-43.43868
ESPACO CRESCER SAUDE E DESENVOLVIMENTO,Niterói,AV ALMIRANTE ARY PARREIRAS,ICARAI,-22.90475,-43.09604
CRE CENTRO DE REABILITACAO ESPECIALIZADA LTDA,Nova Iguaçu,GOVERNADOR ROBERTO SILVEIRA,CENTRO,-22.7572097,-43.4554219
A G FISIOTERAPIA E REABILITACAO,São Gonçalo,CORONEL SERRADO,ZE GAROTO,-22.8306966653,-43.0577480793
CER PSICOLOGIA,Rio de Janeiro,RUA JORGE EMILIO FONTENELLE,RECREIO DOS BANDEIRA,-23.0127177,-43.4470105
FISIOARTS REABILITACAO E ESTETICA,Rio de Janeiro,LOPO SARAIVA,TANQUE,-22.9260329,-43.3598158
FLORESCER SERVICOS DE SAUDE,Rio de Janeiro,AV DAS AMERICAS,BARRA DA TIJUCA,-23.0026,-43.32451
FLORESCER TERAPEUTICO,Rio de Janeiro,RUA ARQUIAS CORDEIRO,MEIER,-22.901814,-43.2799811
ORAL SURGERY GROUP REABILITACAO ORAL E FACIAL LTDA,Rio de Janeiro,R ADOLFO MOTA,TIJUCA,-22.9208046168,-43.2323308033
LEONARDO LACERDA DOS SANTOS SILVA,Rio de Janeiro,RUA DIAS DA CRUZ,MEIER,-22.9027826,-43.281395
ASSOCIACAO DE REABILITACAO E PESQUISA FONOAUDIOLOGICA,Rio de Janeiro,19 DE FEVEREIRO,BOTAFOGO,-22.9542305084,-43.1853173088
INBRACER,Rio de Janeiro,RUA GETULIO DAS NEVES,JARDIM BOTANICO,-22.9604086165,-43.2064819336
MONICA HERMIDA CERQUEIRA,Rio de Janeiro,RUA VISCONDE DE PIRAJA,IPANEMA,-22.9847565,-43.1954068
RENASCER CLINICA DE PSICOLOGIA AVANCADA,Niterói,R NORONHA TORREZAO,SANTA ROSA,-22.8974429,-43.1019958
MEDICINA FISICA E REABILITACAO DRA DENISE XEREZ,Rio de Janeiro,R JARDIM BOTANICO,JARDIM BOTANICO,-22.96838455,-43.2286944986
UNIDADE DE REABILITACAO FISIOCONTROL,Rio de Janeiro,ESTRADA DO TINDIBA,TAQUARA,-22.9280645,-43.3624557
ANDREA BRUNO CERUTTI,Rio de Janeiro,AVENIDA ISABEL,SANTA CRUZ,-22.9206686,-43.6829757
CLINICA DE REABILITACAO DO LEBLON,Rio de Janeiro,AVENIDA ATAULFO DE PAIVA,LEBLON,-22.9836604,-43.2154752
INSTITUTO BRASILEIRO DE REABILITACAO DA FACE,Rio de Janeiro,RUA REAL GRANDEZA,BOTAFOGO,-22.9601627,-43.1906302
FLORESCER,Rio de Janeiro,RUA VISCONDE DE PIRAJA,IPANEMA,-22.98448875,-43.20564185
CROMA CLINICA DE REABILITACAO ORAL MARQUES DE AZEVEDO,Rio de Janeiro,NELSON CARDOSO,TAQUARA,-22.9225778697,-43.3723997194
